Machine,Size,demandRequired,riskLimit,Trial,Time,weightDemand,Phase2,Demand,Risk,35,6,17,20,25,12,8,28,24,3,40,39,11,7,2,41,19,9,15
DESKTOP-S7OVCUR,30,300,650,0,0.0,0.2835033578881324,0.0,308.32999999999987,122.0,1,1,1,1,1,1,1,1,1,1,1,1,1,1,1,1,1,1,1
DESKTOP-S7OVCUR,30,300,650,4,0.14818191528320312,0.2835033578881324,7.164966421118677,308.3299999999999,112.0,1,1,1,0,1,1,1,1,1,1,1,1,1,1,1,1,1,1,1
DESKTOP-S7OVCUR,30,300,650,6,0.2958250045776367,0.2835033578881324,15.046429484349218,308.3299999999999,101.0,1,0,1,0,1,1,1,1,1,1,1,1,1,1,1,1,1,1,0
DESKTOP-S7OVCUR,30,300,650,21,1.1997745037078857,0.2835033578881324,15.762926126461082,308.3299999999999,100.0,1,0,1,0,1,1,1,1,1,1,1,1,1,1,1,0,1,1,0
DESKTOP-S7OVCUR,30,300,650,23,1.4145708084106445,0.2835033578881324,22.92789254757976,308.3299999999999,90.0,1,0,1,0,1,0,1,1,1,1,1,1,1,1,1,0,1,1,0
DESKTOP-S7OVCUR,30,300,650,30,1.9533140659332275,0.2835033578881324,28.33513814979203,302.12999999999994,80.0,1,0,0,0,1,0,1,1,1,1,1,1,1,1,1,0,1,1,0
DESKTOP-S7OVCUR,30,300,650,68,2.7395124435424805,0.2835033578881324,29.051634791903894,302.12999999999994,79.0,1,0,0,0,1,0,1,1,1,0,1,1,1,1,1,0,1,1,0
DESKTOP-S7OVCUR,30,300,650,183,4.46953821182251,0.2835033578881324,36.21660121302257,302.12999999999994,69.0,1,0,0,0,1,0,1,0,1,0,1,1,1,1,1,0,1,1,0
