Machine,Size,demandRequired,riskLimit,Trial,Time,weightDemand,Phase2,Demand,Risk,8,9,19,15,40,11,39,25,17,41,28,20,12,6,24,35,3,7,2
DESKTOP-S7OVCUR,30,300,650,0,0.0,0.2835033578881324,0.0,308.3299999999999,122,1,1,1,1,1,1,1,1,1,1,1,1,1,1,1,1,1,1,1
