Machine,Size,demandRequired,riskLimit,Trial,Time,weightDemand,Phase2,Demand,Risk,3,20,35,19,2,8,12,6,28,15,17,7,40,11,24,41,9,25,39
DESKTOP-S7OVCUR,30,300,650,0,0.0,0.2835033578881324,0.0,308.32999999999987,122.0,1,1,1,1,1,1,1,1,1,1,1,1,1,1,1,1,1,1,1
DESKTOP-S7OVCUR,30,300,650,9,0.1784226894378662,0.2835033578881324,7.164966421118677,308.3299999999999,112.0,1,0,1,1,1,1,1,1,1,1,1,1,1,1,1,1,1,1,1
DESKTOP-S7OVCUR,30,300,650,25,0.46793198585510254,0.2835033578881324,7.881463063230541,308.3299999999999,111.0,1,0,1,1,1,1,1,1,1,1,1,1,1,1,1,0,1,1,1
DESKTOP-S7OVCUR,30,300,650,48,1.420219898223877,0.2835033578881324,15.762926126461082,308.3299999999999,100.0,1,0,1,1,1,1,1,0,1,0,1,1,1,1,1,0,1,1,1
DESKTOP-S7OVCUR,30,300,650,88,2.0580074787139893,0.2835033578881324,22.211395905467896,308.3299999999999,91.0,1,0,1,1,1,1,1,0,0,0,1,1,1,1,1,1,1,1,1
DESKTOP-S7OVCUR,30,300,650,112,2.419219732284546,0.2835033578881324,22.92789254757976,308.3299999999999,90.0,1,0,1,1,1,1,1,0,0,0,1,1,1,1,1,0,1,1,1
DESKTOP-S7OVCUR,30,300,650,170,3.5222678184509277,0.2835033578881324,30.092858968698437,308.3299999999999,80.0,1,0,1,1,1,1,0,0,0,0,1,1,1,1,1,0,1,1,1
DESKTOP-S7OVCUR,30,300,650,175,3.822206974029541,0.2835033578881324,37.257825389817114,308.3299999999999,70.0,0,0,1,1,1,1,0,0,0,0,1,1,1,1,1,0,1,1,1
