Machine,Size,demandRequired,riskLimit,Trial,Time,weightDemand,Phase2,Demand,Risk,17,20,6,8,12,39,9,25,35,2,15,28,41,40,7,19,24,11,3
DESKTOP-S7OVCUR,30,300,650,0,0.0,0.2835033578881324,0.0,308.3299999999999,122,1,1,1,1,1,1,1,1,1,1,1,1,1,1,1,1,1,1,1
