Machine,Size,demandRequired,riskLimit,Trial,Time,weightDemand,Phase2,Demand,Risk,17,20,6,8,12,39,9,25,35,2,15,28,41,40,7,19,24,11,3
DESKTOP-S7OVCUR,30,300,650,0,0.0,0.2835033578881324,0.0,308.32999999999987,122.0,1,1,1,1,1,1,1,1,1,1,1,1,1,1,1,1,1,1,1
DESKTOP-S7OVCUR,30,300,650,2,0.11221003532409668,0.2835033578881324,0.7164966421118635,308.3299999999999,121.0,1,1,1,1,1,1,1,1,1,1,1,0,1,1,1,1,1,1,1
DESKTOP-S7OVCUR,30,300,650,5,0.3759129047393799,0.2835033578881324,8.597959705342404,308.3299999999999,110.0,1,1,0,1,1,1,1,1,1,1,1,0,1,1,1,1,1,1,0
DESKTOP-S7OVCUR,30,300,650,40,0.8854844570159912,0.2835033578881324,15.762926126461082,308.3299999999999,100.0,1,1,0,1,0,1,1,1,1,1,1,0,1,1,1,1,1,1,0
DESKTOP-S7OVCUR,30,300,650,43,1.010833978652954,0.2835033578881324,22.92789254757976,308.3299999999999,90.0,0,1,0,1,0,1,1,1,1,1,1,0,1,1,1,1,1,1,0
DESKTOP-S7OVCUR,30,300,650,70,1.5192844867706299,0.2835033578881324,23.64438918969163,308.3299999999999,89.0,0,1,0,1,0,1,1,1,1,1,0,0,1,1,1,1,1,1,0
DESKTOP-S7OVCUR,30,300,650,169,2.9470534324645996,0.2835033578881324,24.360885831803493,308.3299999999999,88.0,0,1,0,1,0,1,1,1,1,1,0,0,0,1,1,1,1,1,0
DESKTOP-S7OVCUR,30,300,650,652,8.556695461273193,0.2835033578881324,29.768131434015764,302.12999999999994,78.0,0,0,0,1,0,1,1,1,1,1,0,0,0,1,1,1,1,1,0
