Machine,Size,demandRequired,riskLimit,Trial,Time,weightDemand,Phase2,Demand,Risk,17,8,40,41,9,25,11,28,2,39,12,19,35,15,3,6,24,20,7
DESKTOP-S7OVCUR,30,300,650,0,0.0,0.2835033578881324,0.0,308.32999999999987,122.0,1,1,1,1,1,1,1,1,1,1,1,1,1,1,1,1,1,1,1
DESKTOP-S7OVCUR,30,300,650,6,0.1512136459350586,0.2835033578881324,7.881463063230541,308.3299999999999,111.0,1,1,1,0,1,1,1,1,1,1,0,1,1,1,1,1,1,1,1
DESKTOP-S7OVCUR,30,300,650,9,0.4199364185333252,0.2835033578881324,14.329932842237355,308.3299999999999,102.0,1,1,1,0,1,1,1,0,1,1,1,1,1,1,1,1,1,1,1
DESKTOP-S7OVCUR,30,300,650,37,1.3871285915374756,0.2835033578881324,22.211395905467896,308.3299999999999,91.0,0,1,1,0,1,1,1,0,1,1,1,1,1,0,1,1,1,1,1
DESKTOP-S7OVCUR,30,300,650,51,1.7684268951416016,0.2835033578881324,22.92789254757976,308.3299999999999,90.0,0,1,1,0,1,1,1,0,1,1,1,1,1,0,0,1,1,1,1
DESKTOP-S7OVCUR,30,300,650,82,2.9649758338928223,0.2835033578881324,23.64438918969163,308.3299999999999,89.0,0,1,1,0,1,1,1,0,1,1,0,1,1,0,0,1,1,1,1
DESKTOP-S7OVCUR,30,300,650,383,6.854159593582153,0.2835033578881324,24.360885831803493,308.3299999999999,88.0,0,1,1,0,1,1,1,0,1,1,0,1,1,0,0,0,1,1,1
