Machine,Size,demandRequired,riskLimit,Trial,Time,weightDemand,Phase2,Demand,Risk,6,17,7,8,24,11,28,2,3,25,12,9,20,41,15,35,40,19,39
DESKTOP-S7OVCUR,30,300,650,0,0.0,0.2835033578881324,0.0,308.3299999999999,122,1,1,1,1,1,1,1,1,1,1,1,1,1,1,1,1,1,1,1
