Machine,Size,demandRequired,riskLimit,Trial,Time,weightDemand,Phase2,Demand,Risk,12,17,8,20,15,28,6,19,11,24,2,35,3,7,41,25,39,9,40
DESKTOP-S7OVCUR,30,300,650,0,0.0,0.2835033578881324,0.0,308.32999999999987,122.0,1,1,1,1,1,1,1,1,1,1,1,1,1,1,1,1,1,1,1
DESKTOP-S7OVCUR,30,300,650,4,0.1455700397491455,0.2835033578881324,1.432993284223727,308.3299999999999,120.0,1,1,1,1,1,1,1,1,1,1,1,1,0,1,0,1,1,1,1
DESKTOP-S7OVCUR,30,300,650,42,0.7122960090637207,0.2835033578881324,15.762926126461082,308.3299999999999,100.0,1,0,1,1,1,1,0,1,1,1,1,1,0,1,0,1,1,1,1
DESKTOP-S7OVCUR,30,300,650,99,1.1803464889526367,0.2835033578881324,22.92789254757976,308.3299999999999,90.0,0,0,1,1,1,1,0,1,1,1,1,1,0,1,0,1,1,1,1
DESKTOP-S7OVCUR,30,300,650,125,2.102480173110962,0.2835033578881324,27.61864150768016,302.12999999999994,81.0,0,0,1,0,1,1,0,1,1,1,1,1,1,1,0,1,1,1,1
DESKTOP-S7OVCUR,30,300,650,164,2.8147692680358887,0.2835033578881324,34.78360792879884,302.12999999999994,71.0,0,0,1,0,1,0,0,1,1,1,1,1,1,1,0,1,1,1,1
DESKTOP-S7OVCUR,30,300,650,202,3.896071672439575,0.2835033578881324,41.948574349917514,302.12999999999994,61.0,0,0,1,0,0,0,0,1,1,1,1,1,1,1,0,1,1,1,1
DESKTOP-S7OVCUR,30,300,650,257,5.01304817199707,0.2835033578881324,42.66507099202938,302.12999999999994,60.0,0,0,1,0,0,0,0,1,1,1,1,1,0,1,0,1,1,1,1
