Machine,Size,demandRequired,riskLimit,Trial,Time,weightDemand,Phase2,Demand,Risk,6,17,7,8,24,11,28,2,3,25,12,9,20,41,15,35,40,19,39
DESKTOP-S7OVCUR,30,300,650,0,0.0,0.2835033578881324,0.0,308.32999999999987,122.0,1,1,1,1,1,1,1,1,1,1,1,1,1,1,1,1,1,1,1
DESKTOP-S7OVCUR,30,300,650,6,0.15747570991516113,0.2835033578881324,0.7164966421118635,308.3299999999999,121.0,1,1,1,1,1,1,1,1,1,1,1,1,1,1,0,1,1,1,1
DESKTOP-S7OVCUR,30,300,650,8,0.31732869148254395,0.2835033578881324,7.164966421118677,308.3299999999999,112.0,1,1,1,1,1,1,1,1,0,1,1,1,1,1,1,1,1,1,1
DESKTOP-S7OVCUR,30,300,650,21,1.070913314819336,0.2835033578881324,7.881463063230541,308.3299999999999,111.0,1,1,1,1,1,1,1,1,0,1,1,1,0,1,1,1,1,1,1
DESKTOP-S7OVCUR,30,300,650,51,2.1638259887695312,0.2835033578881324,14.005205307554675,302.12999999999994,100.0,1,0,1,1,1,1,1,1,0,1,0,1,0,1,1,1,1,1,1
DESKTOP-S7OVCUR,30,300,650,75,2.6651253700256348,0.2835033578881324,21.170171728673353,302.12999999999994,90.0,1,0,1,1,1,1,0,1,0,1,0,1,0,1,1,1,1,1,1
DESKTOP-S7OVCUR,30,300,650,100,3.521702527999878,0.2835033578881324,29.376362326586566,308.3299999999999,81.0,1,0,0,1,1,1,0,1,0,1,0,1,1,1,1,1,1,1,1
DESKTOP-S7OVCUR,30,300,650,134,4.289582014083862,0.2835033578881324,30.092858968698437,308.3299999999999,80.0,1,0,0,1,1,1,0,1,0,1,0,1,1,0,1,1,1,1,1
DESKTOP-S7OVCUR,30,300,650,207,5.973266363143921,0.2835033578881324,37.257825389817114,308.3299999999999,70.0,0,0,0,1,1,1,0,1,0,1,0,1,1,0,1,1,1,1,1
