Machine,Size,demandRequired,riskLimit,Trial,Time,weightDemand,Phase2,Demand,Risk,12,20,25,17,19,35,8,3,40,28,9,41,6,15,2,39,11,7,24
DESKTOP-S7OVCUR,30,300,650,0,0.0,0.2835033578881324,0.0,308.32999999999987,122.0,1,1,1,1,1,1,1,1,1,1,1,1,1,1,1,1,1,1,1
DESKTOP-S7OVCUR,30,300,650,3,0.15657639503479004,0.2835033578881324,8.597959705342404,308.3299999999999,110.0,1,0,1,1,1,1,1,1,1,0,1,1,1,0,1,1,1,1,1
DESKTOP-S7OVCUR,30,300,650,5,0.3931741714477539,0.2835033578881324,14.329932842237355,308.3299999999999,102.0,0,0,1,1,1,1,1,1,1,1,1,1,1,1,1,1,1,1,1
DESKTOP-S7OVCUR,30,300,650,32,0.8720054626464844,0.2835033578881324,15.046429484349218,308.3299999999999,101.0,0,0,1,1,1,1,1,1,1,1,1,1,1,1,1,1,1,0,1
DESKTOP-S7OVCUR,30,300,650,34,0.9672307968139648,0.2835033578881324,20.45367508656149,302.12999999999994,91.0,0,0,1,0,1,1,1,1,1,1,1,1,1,1,1,1,1,0,1
DESKTOP-S7OVCUR,30,300,650,86,1.9059462547302246,0.2835033578881324,27.61864150768016,302.12999999999994,81.0,0,0,1,0,1,1,1,0,1,1,1,1,1,1,1,1,1,0,1
DESKTOP-S7OVCUR,30,300,650,147,2.770017623901367,0.2835033578881324,29.051634791903894,302.12999999999994,79.0,0,0,1,0,1,1,1,0,1,0,1,1,0,1,1,1,1,0,1
DESKTOP-S7OVCUR,30,300,650,191,3.786134958267212,0.2835033578881324,29.768131434015764,302.12999999999994,78.0,0,0,1,0,1,1,1,0,1,0,1,0,0,1,1,1,1,0,1
