Machine,Size,demandRequired,riskLimit,Trial,Time,weightDemand,Phase2,Demand,Risk,9,41,11,24,6,2,3,25,12,17,7,8,20,39,35,40,28,15,19
DESKTOP-S7OVCUR,30,300,650,0,0.0,0.2835033578881324,0.0,308.32999999999987,122.0,1,1,1,1,1,1,1,1,1,1,1,1,1,1,1,1,1,1,1
DESKTOP-S7OVCUR,30,300,650,3,0.13975882530212402,0.2835033578881324,0.7164966421118635,308.3299999999999,121.0,1,1,1,1,1,1,1,1,1,0,1,1,1,1,1,1,1,1,1
DESKTOP-S7OVCUR,30,300,650,7,0.29695916175842285,0.2835033578881324,7.881463063230541,308.3299999999999,111.0,1,0,1,1,1,1,1,1,1,0,1,1,1,1,1,1,1,1,1
DESKTOP-S7OVCUR,30,300,650,38,0.8804855346679688,0.2835033578881324,15.046429484349218,308.3299999999999,101.0,1,0,1,1,1,1,0,1,1,0,1,1,1,1,1,1,1,1,1
DESKTOP-S7OVCUR,30,300,650,39,0.9989254474639893,0.2835033578881324,15.762926126461082,308.3299999999999,100.0,1,0,1,1,1,1,0,1,1,0,0,1,1,1,1,1,1,1,1
DESKTOP-S7OVCUR,30,300,650,93,1.7850008010864258,0.2835033578881324,22.92789254757976,308.3299999999999,90.0,1,0,1,1,0,1,0,1,1,0,0,1,1,1,1,1,1,1,1
DESKTOP-S7OVCUR,30,300,650,137,2.798999547958374,0.2835033578881324,30.092858968698437,308.3299999999999,80.0,1,0,1,1,0,1,0,1,0,0,0,1,1,1,1,1,1,1,1
DESKTOP-S7OVCUR,30,300,650,163,3.346572160720825,0.2835033578881324,30.8093556108103,308.3299999999999,79.0,1,0,1,1,0,1,0,1,0,0,0,1,1,1,1,1,0,1,1
