Machine,Size,demandRequired,riskLimit,Trial,Time,weightDemand,Phase2,Demand,Risk,12,20,25,17,19,35,8,3,40,28,9,41,6,15,2,39,11,7,24
DESKTOP-S7OVCUR,30,300,650,0,0.0,0.2835033578881324,0.0,308.3299999999999,122,1,1,1,1,1,1,1,1,1,1,1,1,1,1,1,1,1,1,1
