Machine,Size,demandRequired,riskLimit,Trial,Time,weightDemand,Phase2,Demand,Risk,17,8,40,41,9,25,11,28,2,39,12,19,35,15,3,6,24,20,7
DESKTOP-S7OVCUR,30,300,650,0,0.0,0.2835033578881324,0.0,308.3299999999999,122,1,1,1,1,1,1,1,1,1,1,1,1,1,1,1,1,1,1,1
